Protocollo;Gruppo;DataOraIncidente;Localizzazione1;STRADA1;Localizzazione2;STRADA2;Strada02;Chilometrica;DaSpecificare;NaturaIncidente;particolaritastrade;TipoStrada;FondoStradale;Pavimentazione;Segnaletica;CondizioneAtmosferica;Traffico;Visibilita;Illuminazione;NUM_FERITI;NUM_RISERVATA;NUM_MORTI;NUM_ILLESI;Longitudine;Latitudine;Confermato;Progressivo;TipoVeicolo;StatoVeicolo;TipoPersona;Sesso;Tipolesione;Deceduto;DecedutoDopo;CinturaCascoUtilizzato;Airbag
1891328;10;24/10/2011 09:10;Statale entro l'abitato;VIA TUSCOLANA;in prossimità;;del civico n. ;615;;Infortunio per caduta del veicolo;Rettilineo;Due carreggiate;Asciutto;Asfaltata;Verticale ed orizzontale;Nuvoloso;Intenso;Buona;Ore Diurne;1;0;0;1;;;-1;1;Motociclo a solo;In marcia / fermata / arresto;Conducente;M;Rifiuta cure immediate;0;NON DECEDUTO;Non accertato;Inesistente
1891328;10;24/10/2011 09:10;Statale entro l'abitato;VIA TUSCOLANA;in prossimità;;del civico n. ;615;;Infortunio per caduta del veicolo;Rettilineo;Due carreggiate;Asciutto;Asfaltata;Verticale ed orizzontale;Nuvoloso;Intenso;Buona;Ore Diurne;1;0;0;1;;;-1;2;Autovettura privata;In marcia / fermata / arresto;Conducente;F;Illeso;0;;Non accertato;Inesistente
1891329;10;24/10/2011 11:00;Comunale extraurbana;VIA DI CIAMPINO;in prossimità;;del civico n. ;70;;Infortunio per caduta del veicolo;Rettilineo;Una carreggiata a doppio senso;Viscido da liquidi oleosi;Asfaltata;Orizzontale;Nuvoloso;Normale;Buona;Ore Diurne;1;0;0;0;;;-1;1;Motociclo a solo;In marcia / fermata / arresto;Conducente;M;Rimandato;0;NON DECEDUTO;Non accertato;Inesistente
1891330;10;24/10/2011 15:25;Statale entro l'abitato;VIA TUSCOLANA;in corrispondenza;;del civico n. ;1048;;Veicolo in marcia contro veicolo fermo;Rettilineo;Una carreggiata a senso unico di marcia;Asciutto;Asfaltata;Assente;Nuvoloso;Normale;Buona;Ore Diurne;1;0;0;3;;;-1;1;Autovettura privata;In marcia / fermata / arresto;Conducente;M;Illeso;0;;Non accertato;Inesploso
1891330;10;24/10/2011 15:25;Statale entro l'abitato;VIA TUSCOLANA;in corrispondenza;;del civico n. ;1048;;Veicolo in marcia contro veicolo fermo;Rettilineo;Una carreggiata a senso unico di marcia;Asciutto;Asfaltata;Assente;Nuvoloso;Normale;Buona;Ore Diurne;1;0;0;3;;;-1;1;Autovettura privata;In marcia / fermata / arresto;Passeggero;F;Illeso;0;;Non accertato;Inesistente
1891330;10;24/10/2011 15:25;Statale entro l'abitato;VIA TUSCOLANA;in corrispondenza;;del civico n. ;1048;;Veicolo in marcia contro veicolo fermo;Rettilineo;Una carreggiata a senso unico di marcia;Asciutto;Asfaltata;Assente;Nuvoloso;Normale;Buona;Ore Diurne;1;0;0;3;;;-1;1;Autovettura privata;In marcia / fermata / arresto;Passeggero;F;Illeso;0;;Non accertato;Inesistente
1891330;10;24/10/2011 15:25;Statale entro l'abitato;VIA TUSCOLANA;in corrispondenza;;del civico n. ;1048;;Veicolo in marcia contro veicolo fermo;Rettilineo;Una carreggiata a senso unico di marcia;Asciutto;Asfaltata;Assente;Nuvoloso;Normale;Buona;Ore Diurne;1;0;0;3;;;-1;1;Autovettura privata;In marcia / fermata / arresto;Passeggero;M;Rifiuta cure immediate;0;NON DECEDUTO;Non accertato;Inesploso
1891331;12;23/10/2011 20:45;Regionale;VIA PONTINA;in prossimità;;del civico n. ;421;;Tamponamento;Rettilineo;Una carreggiata a senso unico di marcia;Asciutto;Asfaltata;Verticale ed orizzontale;Sereno;Normale;Sufficiente;Inesistente;1;0;0;3;;;-1;1;Autovettura privata;In marcia / fermata / arresto;Conducente;M;Illeso;0;;Utilizzato;Inesistente
1891331;12;23/10/2011 20:45;Regionale;VIA PONTINA;in prossimità;;del civico n. ;421;;Tamponamento;Rettilineo;Una carreggiata a senso unico di marcia;Asciutto;Asfaltata;Verticale ed orizzontale;Sereno;Normale;Sufficiente;Inesistente;1;0;0;3;;;-1;1;Autovettura privata;In marcia / fermata / arresto;Passeggero;F;Rimandato;0;NON DECEDUTO;Utilizzato;Inesistente
1891331;12;23/10/2011 20:45;Regionale;VIA PONTINA;in prossimità;;del civico n. ;421;;Tamponamento;Rettilineo;Una carreggiata a senso unico di marcia;Asciutto;Asfaltata;Verticale ed orizzontale;Sereno;Normale;Sufficiente;Inesistente;1;0;0;3;;;-1;2;Autovettura privata;In marcia / fermata / arresto;Conducente;M;Illeso;0;;Utilizzato;Inesistente
1891331;12;23/10/2011 20:45;Regionale;VIA PONTINA;in prossimità;;del civico n. ;421;;Tamponamento;Rettilineo;Una carreggiata a senso unico di marcia;Asciutto;Asfaltata;Verticale ed orizzontale;Sereno;Normale;Sufficiente;Inesistente;1;0;0;3;;;-1;3;Autocarro inferiore 35 q.;In marcia / fermata / arresto;Conducente;M;Illeso;0;;Utilizzato;Inesistente
1891332;1;23/10/2011 03:20;Strada Urbana;PIAZZA DELL'EMPORIO;all'intersezione semaforizzata con;VIA AMERIGO VESPUCCI;VIA AMERIGO VESPUCCI;;;Veicolo in marcia contro ostacolo accidentale;Incrocio;Una carreggiata a doppio senso;Asciutto;Asfaltata;Verticale ed orizzontale;Sereno;Scarso;Sufficiente;Sufficiente;0;0;0;1;;;-1;1;Autovettura privata;In marcia / fermata / arresto;Conducente;M;Illeso;0;;Non accertato;Inesistente
1891333;5;24/10/2011 07:40;Strada Urbana;VIA TIBURTINA;all'intersezione con;VIA SMERILLO;VIA SMERILLO;;;Scontro frontale/laterale DX fra veicoli in marcia;Incrocio;Una carreggiata a doppio senso;Asciutto;Asfaltata;Verticale ed orizzontale;Sereno;Intenso;Buona;Ore Diurne;1;0;0;1;;;-1;1;Autovettura privata;In marcia / fermata / arresto;Conducente;M;Illeso;0;;Non accertato;Inesistente
1891333;5;24/10/2011 07:40;Strada Urbana;VIA TIBURTINA;all'intersezione con;VIA SMERILLO;VIA SMERILLO;;;Scontro frontale/laterale DX fra veicoli in marcia;Incrocio;Una carreggiata a doppio senso;Asciutto;Asfaltata;Verticale ed orizzontale;Sereno;Intenso;Buona;Ore Diurne;1;0;0;1;;;-1;2;Motociclo a solo;In marcia / fermata / arresto;Conducente;M;Rimandato;0;NON DECEDUTO;Non accertato;Inesploso
1891334;20;24/10/2011 09:20;Statale entro l'abitato;VIA CASSIA;da specificare;;;;in prossimità di Via di Villa Lauchli;Tamponamento;Rettilineo;Una carreggiata a doppio senso;Asciutto;Asfaltata;Verticale ed orizzontale;Nuvoloso;Intenso;Buona;Ore Diurne;1;0;0;1;;;-1;1;Autovettura privata;In marcia / fermata / arresto;Conducente;F;Illeso;0;;Non accertato;Inesploso
1891334;20;24/10/2011 09:20;Statale entro l'abitato;VIA CASSIA;da specificare;;;;in prossimità di Via di Villa Lauchli;Tamponamento;Rettilineo;Una carreggiata a doppio senso;Asciutto;Asfaltata;Verticale ed orizzontale;Nuvoloso;Intenso;Buona;Ore Diurne;1;0;0;1;;;-1;2;Motociclo a solo;In marcia / fermata / arresto;Conducente;M;Rimandato;0;NON DECEDUTO;Non accertato;Inesistente
1891335;1;23/10/2011 04:45;Strada Urbana;PIAZZA DEL COLOSSEO;all'intersezione con;VIA DEI SS. QUATTRO;VIA DEI SS. QUATTRO;;;Scontro frontale/laterale SX fra veicoli in marcia;Incrocio;Una carreggiata a doppio senso;Asciutto;Asfaltata;Orizzontale;Sereno;Scarso;Sufficiente;Sufficiente;0;0;0;3;;;-1;1;Autovettura privata;In marcia / fermata / arresto;Conducente;M;Illeso;0;;Non accertato;Inesistente
1891335;1;23/10/2011 04:45;Strada Urbana;PIAZZA DEL COLOSSEO;all'intersezione con;VIA DEI SS. QUATTRO;VIA DEI SS. QUATTRO;;;Scontro frontale/laterale SX fra veicoli in marcia;Incrocio;Una carreggiata a doppio senso;Asciutto;Asfaltata;Orizzontale;Sereno;Scarso;Sufficiente;Sufficiente;0;0;0;3;;;-1;2;Autovettura privata;In marcia / fermata / arresto;Conducente;M;Illeso;0;;Non accertato;Inesistente
1891335;1;23/10/2011 04:45;Strada Urbana;PIAZZA DEL COLOSSEO;all'intersezione con;VIA DEI SS. QUATTRO;VIA DEI SS. QUATTRO;;;Scontro frontale/laterale SX fra veicoli in marcia;Incrocio;Una carreggiata a doppio senso;Asciutto;Asfaltata;Orizzontale;Sereno;Scarso;Sufficiente;Sufficiente;0;0;0;3;;;-1;2;Autovettura privata;In marcia / fermata / arresto;Passeggero;M;Illeso;0;;Non accertato;Inesistente
1891336;5;24/10/2011 10:20;Strada Urbana;VIA DIEGO FABBRI;in prossimità;;del civico n. ;74;;Veicolo in marcia contro veicolo in sosta;Rettilineo;Una carreggiata a doppio senso;Asciutto;Asfaltata;Verticale ed orizzontale;Nuvoloso;Scarso;Buona;Ore Diurne;0;0;0;1;;;-1;1;Autovettura privata;In marcia / fermata / arresto;Conducente;M;Illeso;0;;Non accertato;Inesistente
1891337;5;24/10/2011 17:45;Strada Urbana;VIA TIBURTINA;all'intersezione con;VIA LUIGI CESANA;VIA LUIGI CESANA;;;Scontro frontale/laterale SX fra veicoli in marcia;Intersezione non regolata/non segnalata;Due carreggiate;Asciutto;Asfaltata;Verticale ed orizzontale;Nuvoloso;Normale;Buona;Ore Diurne;0;0;0;2;;;-1;1;Motociclo a solo;In marcia / fermata / arresto;Conducente;M;Illeso;0;;Non accertato;Inesistente
1891337;5;24/10/2011 17:45;Strada Urbana;VIA TIBURTINA;all'intersezione con;VIA LUIGI CESANA;VIA LUIGI CESANA;;;Scontro frontale/laterale SX fra veicoli in marcia;Intersezione non regolata/non segnalata;Due carreggiate;Asciutto;Asfaltata;Verticale ed orizzontale;Nuvoloso;Normale;Buona;Ore Diurne;0;0;0;2;;;-1;2;Autocarro inferiore 35 q.;In marcia / fermata / arresto;Conducente;M;Illeso;0;;Non accertato;Inesistente
1891338;1;23/10/2011 02:40;Strada Urbana;PIAZZALE OSTIENSE;in prossimità;;del palo luce n. ;19;;Scontro laterale fra veicoli in marcia;Curva a visuale libera;Due carreggiate;Asciutto;Asfaltata;Verticale ed orizzontale;Sereno;Scarso;Sufficiente;Sufficiente;1;0;0;6;;;-1;1;Autovettura privata;In marcia / fermata / arresto;Conducente;F;Illeso;0;;Non accertato;Inesistente
1891338;1;23/10/2011 02:40;Strada Urbana;PIAZZALE OSTIENSE;in prossimità;;del palo luce n. ;19;;Scontro laterale fra veicoli in marcia;Curva a visuale libera;Due carreggiate;Asciutto;Asfaltata;Verticale ed orizzontale;Sereno;Scarso;Sufficiente;Sufficiente;1;0;0;6;;;-1;1;Autovettura privata;In marcia / fermata / arresto;Passeggero;F;Rifiuta cure immediate;0;NON DECEDUTO;Non accertato;Inesistente
1891338;1;23/10/2011 02:40;Strada Urbana;PIAZZALE OSTIENSE;in prossimità;;del palo luce n. ;19;;Scontro laterale fra veicoli in marcia;Curva a visuale libera;Due carreggiate;Asciutto;Asfaltata;Verticale ed orizzontale;Sereno;Scarso;Sufficiente;Sufficiente;1;0;0;6;;;-1;1;Autovettura privata;In marcia / fermata / arresto;Passeggero;F;Illeso;0;;Non accertato;Inesistente
1891338;1;23/10/2011 02:40;Strada Urbana;PIAZZALE OSTIENSE;in prossimità;;del palo luce n. ;19;;Scontro laterale fra veicoli in marcia;Curva a visuale libera;Due carreggiate;Asciutto;Asfaltata;Verticale ed orizzontale;Sereno;Scarso;Sufficiente;Sufficiente;1;0;0;6;;;-1;1;Autovettura privata;In marcia / fermata / arresto;Passeggero;F;Illeso;0;;Non accertato;Inesistente
1891338;1;23/10/2011 02:40;Strada Urbana;PIAZZALE OSTIENSE;in prossimità;;del palo luce n. ;19;;Scontro laterale fra veicoli in marcia;Curva a visuale libera;Due carreggiate;Asciutto;Asfaltata;Verticale ed orizzontale;Sereno;Scarso;Sufficiente;Sufficiente;1;0;0;6;;;-1;1;Autovettura privata;In marcia / fermata / arresto;Passeggero;F;Illeso;0;;Non accertato;Inesistente
1891338;1;23/10/2011 02:40;Strada Urbana;PIAZZALE OSTIENSE;in prossimità;;del palo luce n. ;19;;Scontro laterale fra veicoli in marcia;Curva a visuale libera;Due carreggiate;Asciutto;Asfaltata;Verticale ed orizzontale;Sereno;Scarso;Sufficiente;Sufficiente;1;0;0;6;;;-1;2;Autovettura privata;In marcia / fermata / arresto;Conducente;M;Illeso;0;;Non accertato;Inesistente
1891338;1;23/10/2011 02:40;Strada Urbana;PIAZZALE OSTIENSE;in prossimità;;del palo luce n. ;19;;Scontro laterale fra veicoli in marcia;Curva a visuale libera;Due carreggiate;Asciutto;Asfaltata;Verticale ed orizzontale;Sereno;Scarso;Sufficiente;Sufficiente;1;0;0;6;;;-1;2;Autovettura privata;In marcia / fermata / arresto;Passeggero;M;Illeso;0;;Non accertato;Inesistente
1891339;5;24/10/2011 14:30;Strada Urbana;VIA TIBURTINA;da specificare;;;;ALL'INTERSEZIONE CON G.R.A.;Scontro laterale fra veicoli in marcia;Rettilineo;Una carreggiata a doppio senso;Asciutto;Asfaltata;Verticale ed orizzontale;Sereno;Normale;Buona;Ore Diurne;0;0;0;2;;;-1;1;Autovettura privata;In marcia / fermata / arresto;Conducente;F;Illeso;0;;Non accertato;Inesistente
1891339;5;24/10/2011 14:30;Strada Urbana;VIA TIBURTINA;da specificare;;;;ALL'INTERSEZIONE CON G.R.A.;Scontro laterale fra veicoli in marcia;Rettilineo;Una carreggiata a doppio senso;Asciutto;Asfaltata;Verticale ed orizzontale;Sereno;Normale;Buona;Ore Diurne;0;0;0;2;;;-1;2;Veicolo speciale;In marcia / fermata / arresto;Conducente;M;Illeso;0;;Non accertato;
1891340;1;23/10/2011 23:45;Strada Urbana;LUNGOTEVERE DEI SANGALLO;all'intersezione semaforizzata con;PONTE PRINCIPE AMEDEO SAVOIA AOSTA;PONTE PRINCIPE AMEDEO SAVOIA AOSTA;;;Scontro frontale/laterale DX fra veicoli in marcia;Intersezione semaforizzata;Una carreggiata a senso unico di marcia;Asciutto;Asfaltata;Verticale ed orizzontale;Sereno;Scarso;Buona;Sufficiente;2;0;0;3;;;-1;1;Autovettura privata;In marcia / fermata / arresto;Conducente;M;Rifiuta cure immediate;0;NON DECEDUTO;Non accertato;Inesistente
1891340;1;23/10/2011 23:45;Strada Urbana;LUNGOTEVERE DEI SANGALLO;all'intersezione semaforizzata con;PONTE PRINCIPE AMEDEO SAVOIA AOSTA;PONTE PRINCIPE AMEDEO SAVOIA AOSTA;;;Scontro frontale/laterale DX fra veicoli in marcia;Intersezione semaforizzata;Una carreggiata a senso unico di marcia;Asciutto;Asfaltata;Verticale ed orizzontale;Sereno;Scarso;Buona;Sufficiente;2;0;0;3;;;-1;1;Autovettura privata;In marcia / fermata / arresto;Passeggero;F;Rifiuta cure immediate;0;NON DECEDUTO;Non accertato;Inesistente
1891340;1;23/10/2011 23:45;Strada Urbana;LUNGOTEVERE DEI SANGALLO;all'intersezione semaforizzata con;PONTE PRINCIPE AMEDEO SAVOIA AOSTA;PONTE PRINCIPE AMEDEO SAVOIA AOSTA;;;Scontro frontale/laterale DX fra veicoli in marcia;Intersezione semaforizzata;Una carreggiata a senso unico di marcia;Asciutto;Asfaltata;Verticale ed orizzontale;Sereno;Scarso;Buona;Sufficiente;2;0;0;3;;;-1;2;Autovettura privata;In marcia / fermata / arresto;Conducente;M;Illeso;0;;Non accertato;Inesistente
1891340;1;23/10/2011 23:45;Strada Urbana;LUNGOTEVERE DEI SANGALLO;all'intersezione semaforizzata con;PONTE PRINCIPE AMEDEO SAVOIA AOSTA;PONTE PRINCIPE AMEDEO SAVOIA AOSTA;;;Scontro frontale/laterale DX fra veicoli in marcia;Intersezione semaforizzata;Una carreggiata a senso unico di marcia;Asciutto;Asfaltata;Verticale ed orizzontale;Sereno;Scarso;Buona;Sufficiente;2;0;0;3;;;-1;2;Autovettura privata;In marcia / fermata / arresto;Passeggero;F;Illeso;0;;Non accertato;Inesistente
1891340;1;23/10/2011 23:45;Strada Urbana;LUNGOTEVERE DEI SANGALLO;all'intersezione semaforizzata con;PONTE PRINCIPE AMEDEO SAVOIA AOSTA;PONTE PRINCIPE AMEDEO SAVOIA AOSTA;;;Scontro frontale/laterale DX fra veicoli in marcia;Intersezione semaforizzata;Una carreggiata a senso unico di marcia;Asciutto;Asfaltata;Verticale ed orizzontale;Sereno;Scarso;Buona;Sufficiente;2;0;0;3;;;-1;2;Autovettura privata;In marcia / fermata / arresto;Passeggero;M;Illeso;0;;Non accertato;Inesistente
1891341;5;24/10/2011 13:00;Strada Urbana;VIA LUIGI VITTORIO BERTARELLI;in prossimità;;del civico n. ;45;;Veicolo in marcia contro veicolo in sosta;Rettilineo;Una carreggiata a doppio senso;Asciutto;Asfaltata;Verticale ed orizzontale;Sereno;Scarso;Buona;Ore Diurne;0;0;0;1;;;-1;1;Autovettura privata;In marcia / fermata / arresto;Conducente;F;Illeso;0;;Non accertato;Inesistente
1891342;1;23/10/2011 00:30;Strada Urbana;VIA DELLA LUNGARA;in prossimità;;del civico n. ;30;;Veicolo in marcia contro veicolo in sosta;Rettilineo;Una carreggiata a senso unico di marcia;Asciutto;Acciotolata;Verticale ed orizzontale;Sereno;Scarso;Buona;Sufficiente;0;0;0;1;;;-1;1;Autovettura privata;In marcia / fermata / arresto;Conducente;F;Illeso;0;;Non accertato;Inesploso
1891343;5;24/10/2011 21:15;Strada Urbana;VIA DONATO MENICHELLA;all'intersezione con;VIA PIER SILVERIO LEICHT;VIA PIER SILVERIO LEICHT;;;Scontro frontale/laterale SX fra veicoli in marcia;Incrocio;Una carreggiata a senso unico di marcia;Asciutto;Asfaltata;Verticale ed orizzontale;Sereno;Scarso;Sufficiente;Sufficiente;2;0;0;1;;;-1;1;Autovettura privata;In marcia / fermata / arresto;Conducente;F;Rimandato;0;NON DECEDUTO;Non accertato;Esploso
1891343;5;24/10/2011 21:15;Strada Urbana;VIA DONATO MENICHELLA;all'intersezione con;VIA PIER SILVERIO LEICHT;VIA PIER SILVERIO LEICHT;;;Scontro frontale/laterale SX fra veicoli in marcia;Incrocio;Una carreggiata a senso unico di marcia;Asciutto;Asfaltata;Verticale ed orizzontale;Sereno;Scarso;Sufficiente;Sufficiente;2;0;0;1;;;-1;2;Autovettura privata;In marcia / fermata / arresto;Conducente;M;Illeso;0;;Non accertato;Esploso
1891343;5;24/10/2011 21:15;Strada Urbana;VIA DONATO MENICHELLA;all'intersezione con;VIA PIER SILVERIO LEICHT;VIA PIER SILVERIO LEICHT;;;Scontro frontale/laterale SX fra veicoli in marcia;Incrocio;Una carreggiata a senso unico di marcia;Asciutto;Asfaltata;Verticale ed orizzontale;Sereno;Scarso;Sufficiente;Sufficiente;2;0;0;1;;;-1;2;Autovettura privata;In marcia / fermata / arresto;Passeggero;F;Rimandato;0;NON DECEDUTO;Non accertato;Inesistente
1891344;2;24/10/2011 17:00;Strada Urbana;VIALE DEL MURO TORTO;da specificare;;;;uscita rampa imm.ne da P.le Brasile dir. Flaminio ;Scontro laterale fra veicoli in marcia;Rettilineo;Più di due carreggiate;Asciutto;Asfaltata;Verticale ed orizzontale;Sereno;Normale;Buona;Ore Diurne;1;0;0;1;;;-1;1;Autovettura privata;In marcia / fermata / arresto;Conducente;F;Illeso;0;;Non accertato;Inesistente
1891344;2;24/10/2011 17:00;Strada Urbana;VIALE DEL MURO TORTO;da specificare;;;;uscita rampa imm.ne da P.le Brasile dir. Flaminio ;Scontro laterale fra veicoli in marcia;Rettilineo;Più di due carreggiate;Asciutto;Asfaltata;Verticale ed orizzontale;Sereno;Normale;Buona;Ore Diurne;1;0;0;1;;;-1;2;Motociclo a solo;In marcia / fermata / arresto;Conducente;M;Rimandato;0;NON DECEDUTO;Non accertato;Inesistente
1891345;12;24/10/2011 19:10;Provinciale;VIA OSTIENSE;in corrispondenza;;del civico n. ;879;;Scontro frontale/laterale SX fra veicoli in marcia;Rettilineo;Una carreggiata a doppio senso;Asciutto;Asfaltata;Verticale ed orizzontale;Sereno;Intenso;Sufficiente;Inesistente;1;0;0;1;;;-1;1;Autovettura privata;In marcia / fermata / arresto;Conducente;M;Illeso;0;;Utilizzato;Inesistente
1891345;12;24/10/2011 19:10;Provinciale;VIA OSTIENSE;in corrispondenza;;del civico n. ;879;;Scontro frontale/laterale SX fra veicoli in marcia;Rettilineo;Una carreggiata a doppio senso;Asciutto;Asfaltata;Verticale ed orizzontale;Sereno;Intenso;Sufficiente;Inesistente;1;0;0;1;;;-1;2;Motociclo a solo;In marcia / fermata / arresto;Conducente;M;Rimandato;0;NON DECEDUTO;Utilizzato;Inesistente
1891346;20;24/10/2011 21:00;Regionale;VIA FLAMINIA;da specificare;;;;ALL'INTERSEZIONE CON VIA SACROFANO CASSIA;Scontro frontale/laterale SX fra veicoli in marcia;Rettilineo;Una carreggiata a doppio senso;Asciutto;Asfaltata;Verticale ed orizzontale;Sereno;Normale;Insufficiente;Inesistente;2;0;0;0;;;-1;1;Autovettura privata;In marcia / fermata / arresto;Conducente;M;Rifiuta cure immediate;0;NON DECEDUTO;Non accertato;Inesistente
1891346;20;24/10/2011 21:00;Regionale;VIA FLAMINIA;da specificare;;;;ALL'INTERSEZIONE CON VIA SACROFANO CASSIA;Scontro frontale/laterale SX fra veicoli in marcia;Rettilineo;Una carreggiata a doppio senso;Asciutto;Asfaltata;Verticale ed orizzontale;Sereno;Normale;Insufficiente;Inesistente;2;0;0;0;;;-1;2;Autovettura privata;In marcia / fermata / arresto;Conducente;M;Rimandato;0;NON DECEDUTO;Non accertato;Inesploso
1891349;20;24/10/2011 16:30;Statale entro l'abitato;VIA FLAMINIA NUOVA;in corrispondenza;;del civico n. ;280;;Scontro frontale/laterale DX fra veicoli in marcia;Rettilineo;Una carreggiata a doppio senso;Asciutto;Asfaltata;Verticale ed orizzontale;Sereno;Intenso;Buona;Ore Diurne;0;0;0;3;;;-1;1;Motociclo a solo;In marcia / fermata / arresto;Conducente;M;Illeso;0;;Non accertato;Inesistente
1891349;20;24/10/2011 16:30;Statale entro l'abitato;VIA FLAMINIA NUOVA;in corrispondenza;;del civico n. ;280;;Scontro frontale/laterale DX fra veicoli in marcia;Rettilineo;Una carreggiata a doppio senso;Asciutto;Asfaltata;Verticale ed orizzontale;Sereno;Intenso;Buona;Ore Diurne;0;0;0;3;;;-1;2;Autovettura privata;In marcia / fermata / arresto;Conducente;M;Illeso;0;;Non accertato;Inesistente
1891349;20;24/10/2011 16:30;Statale entro l'abitato;VIA FLAMINIA NUOVA;in corrispondenza;;del civico n. ;280;;Scontro frontale/laterale DX fra veicoli in marcia;Rettilineo;Una carreggiata a doppio senso;Asciutto;Asfaltata;Verticale ed orizzontale;Sereno;Intenso;Buona;Ore Diurne;0;0;0;3;;;-1;2;Autovettura privata;In marcia / fermata / arresto;Passeggero;M;Illeso;0;;Non accertato;Inesistente
1891351;1;23/10/2011 18:15;Strada Urbana;CORSO VITTORIO EMANUELE II;all'intersezione con;PIAZZA DELLA CHIESA NUOVA;PIAZZA DELLA CHIESA NUOVA;;;Scontro laterale fra veicoli in marcia;Intersezione stradale segnalata;Una carreggiata a doppio senso;Asciutto;Asfaltata;Verticale ed orizzontale;Nuvoloso;Normale;Buona;Sufficiente;1;0;0;2;;;-1;1;Motociclo a solo;In marcia / fermata / arresto;Conducente;M;Rimandato;0;NON DECEDUTO;Non accertato;Inesistente
1891351;1;23/10/2011 18:15;Strada Urbana;CORSO VITTORIO EMANUELE II;all'intersezione con;PIAZZA DELLA CHIESA NUOVA;PIAZZA DELLA CHIESA NUOVA;;;Scontro laterale fra veicoli in marcia;Intersezione stradale segnalata;Una carreggiata a doppio senso;Asciutto;Asfaltata;Verticale ed orizzontale;Nuvoloso;Normale;Buona;Sufficiente;1;0;0;2;;;-1;2;Autovettura privata;In marcia / fermata / arresto;Conducente;M;Illeso;0;;Non accertato;Inesistente
1891351;1;23/10/2011 18:15;Strada Urbana;CORSO VITTORIO EMANUELE II;all'intersezione con;PIAZZA DELLA CHIESA NUOVA;PIAZZA DELLA CHIESA NUOVA;;;Scontro laterale fra veicoli in marcia;Intersezione stradale segnalata;Una carreggiata a doppio senso;Asciutto;Asfaltata;Verticale ed orizzontale;Nuvoloso;Normale;Buona;Sufficiente;1;0;0;2;;;-1;2;Autovettura privata;In marcia / fermata / arresto;Passeggero;F;Illeso;0;;Non accertato;Inesistente
1891352;16;17/10/2011 19:20;Strada Urbana;LARGO ALBERTO PEPERE;all'intersezione con;VIA DEL CASALETTO;VIA DEL CASALETTO;;;Scontro frontale/laterale DX fra veicoli in marcia;Incrocio;Due carreggiate;Asciutto;Asfaltata;Verticale;Sereno;Normale;Buona;Sufficiente;0;0;0;4;;;-1;1;Motociclo a solo;In marcia / fermata / arresto;Conducente;M;Illeso;0;;Non accertato;Inesistente
1891352;16;17/10/2011 19:20;Strada Urbana;LARGO ALBERTO PEPERE;all'intersezione con;VIA DEL CASALETTO;VIA DEL CASALETTO;;;Scontro frontale/laterale DX fra veicoli in marcia;Incrocio;Due carreggiate;Asciutto;Asfaltata;Verticale;Sereno;Normale;Buona;Sufficiente;0;0;0;4;;;-1;2;Autovettura privata;In marcia / fermata / arresto;Conducente;M;Illeso;0;;Non accertato;Inesistente
1891352;16;17/10/2011 19:20;Strada Urbana;LARGO ALBERTO PEPERE;all'intersezione con;VIA DEL CASALETTO;VIA DEL CASALETTO;;;Scontro frontale/laterale DX fra veicoli in marcia;Incrocio;Due carreggiate;Asciutto;Asfaltata;Verticale;Sereno;Normale;Buona;Sufficiente;0;0;0;4;;;-1;2;Autovettura privata;In marcia / fermata / arresto;Passeggero;F;Illeso;0;;Non accertato;Inesistente
1891352;16;17/10/2011 19:20;Strada Urbana;LARGO ALBERTO PEPERE;all'intersezione con;VIA DEL CASALETTO;VIA DEL CASALETTO;;;Scontro frontale/laterale DX fra veicoli in marcia;Incrocio;Due carreggiate;Asciutto;Asfaltata;Verticale;Sereno;Normale;Buona;Sufficiente;0;0;0;4;;;-1;2;Autovettura privata;In marcia / fermata / arresto;Passeggero;F;Illeso;0;;Non accertato;Inesistente
1891353;1;23/10/2011 04:50;Strada Urbana;PIAZZALE OSTIENSE;all'intersezione semaforizzata con;PIAZZALE OSTIENSE;PIAZZALE OSTIENSE;;;Scontro frontale/laterale DX fra veicoli in marcia;Intersezione semaforizzata;Una carreggiata a senso unico di marcia;Asciutto;Asfaltata;Verticale ed orizzontale;Sereno;Scarso;Buona;Ore Diurne;0;0;0;2;;;-1;1;Autovettura privata;In marcia / fermata / arresto;Conducente;M;Illeso;0;;Non accertato;Inesistente
1891353;1;23/10/2011 04:50;Strada Urbana;PIAZZALE OSTIENSE;all'intersezione semaforizzata con;PIAZZALE OSTIENSE;PIAZZALE OSTIENSE;;;Scontro frontale/laterale DX fra veicoli in marcia;Intersezione semaforizzata;Una carreggiata a senso unico di marcia;Asciutto;Asfaltata;Verticale ed orizzontale;Sereno;Scarso;Buona;Ore Diurne;0;0;0;2;;;-1;2;Autovettura privata;In marcia / fermata / arresto;Conducente;M;Illeso;0;;Non accertato;Inesistente